ID,Name,Surname
005617/0004,Dayami,Pack
690316/0011,Sawyer,Archer
400826/0003,Zayne,Putt
081010/0005,Elliot,Avery
105913/0006,Harmony,Howden
260624/0010,Alexander,Lucas
350526/0011,Aiden,Romans
370228/0010,Brendon,Rodger
725527/0011,Selina,Nixon
545514/0009,Dixie,Lucas
750208/0003,Jerry,Cheetham
251004/0005,Christian,Ralph
900605/0009,Demetrius,Elms
340425/0003,Glenn,Rooney
975306/0009,Jaidyn,Hind
885622/0010,Regan,callaghann
960810/0007,Fletcher,Khalid
076022/0010,Jaiden,Fulton
520519/0001,Rhys,Pennell
855702/0010,Liliana,Kilshaw
160122/0005,Andre,Jukes
936225/0007,Kiersten,Walls
640127/0007,Logan,Crane
485201/0009,Anna,Macmillan
940423/0011,Cael,Purcell
280526/0007,Quinten,Gordon
545113/0003,Emilie,Parkins
065622/0004,Adrienne,Loftus
325405/0008,Julie,Sissons
380421/0003,Sheldon,Emberey
825411/0007,Elaine,Espley
011018/0004,Sincere,Kingston
425119/0009,Katherine,Thatcher
701223/0005,Andrew,Mack
285917/0006,Akira,Chance
015417/0005,Gina,Foxley
280316/0008,Shawn,Ward
246102/0001,Kaitlin,Aylward
005814/0005,Danica,Connell
525707/0005,Yareli,Farmer
805419/0001,Lilliana,Hewitt
716117/0005,Kaitlin,Glencross
026210/0003,Morgan,Hurrell
700311/0004,Braiden,Robin
515727/0008,Kamryn,Piercey
505910/0002,Abagail,Cain
020614/0011,Corey,Pears
945328/0001,Charlie,Carr
480407/0007,Judah,Isbill
075517/0009,Mia,Martins
245916/0011,Sabrina,Lonsdale
991018/0005,Marley,Dickens
295515/0011,Beatrice,Sneddon
556104/0001,Paityn,Stark
051208/0008,Ronald,Danby
046106/0006,Anne,Gibb
205806/0004,Annabel,Whitaker
320513/0005,Kenyon,Fairweather
851120/0005,Owen,Vyner
850311/0011,Dax,Greenall
351118/0002,Kael,Darby
850706/0001,Neil,Fawn
515220/0009,Destinee,Ahmad
355322/0011,Lillie,Olan
251015/0005,Allen,Vancoller
985618/0004,Diana,Hibbert
840527/0005,Jadyn,Norgrove
365403/0006,Raegan,Alder
151208/0009,Caden,Crossland
850921/0006,Landon,Burrows
370204/0001,Enrique,Traynor
810921/0010,Drew,Lewins
475317/0004,Brenna,Richmond
900308/0009,Edgar,Fitzgerald
286022/0011,Shannon,Redhead
665411/0001,Kiana,Foran
480319/0007,Brian,Hoare
961018/0008,Lucas,Angus
471209/0009,Hugo,Rickards
375605/0001,Jimena,Purnell
250319/0008,Fernando,South
865228/0010,Skyla,Wigley
490418/0006,Keith,Wardle
195215/0002,Caroline,Olds
866215/0002,Mikaela,Fernandez
151210/0007,Gunnar,Rowlinson
100623/0005,Alfred,Lewin
700206/0010,Royce,Stevens
380815/0005,Fletcher,Aldworth
220724/0002,Colin,Garside
795513/0007,Lilian,Easdale
101025/0010,Mark,Goring
996226/0011,Casey,Whiteford
311122/0002,Nolan,Travis
325412/0001,Reese,Sylvester
685618/0001,Ivy,Lewis
430310/0010,Derick,Pavot
845521/0005,Yasmine,Donnachie
095811/0010,Gia,donoghue
370406/0008,Ignacio,Finnegan